;model_name;config;dropout;train_loss;train_rmse;train_mae;train_mape;valid_loss;valid_rmse;valid_mae;valid_mape;test_rmse;test_mae;test_mape;epochs;batch_train;input_shape;total_time;time_step;splits
0;03_1_l-1;{'name': '03_1_l-1', 'layers': [{'type': 'lstm', 'cells': 1, 'dropout': 0, 'stateful': True, 'ret_seq': False}], 'batch_size': 8, 'timesteps': 1};0;1.0055174658409005;0;0.9061060611237871;0;1.1660374321225213;0;0.9886856455265022;0;0;0;0;3/50;8;(6580, [1], 1);10.759670734405518;0;2004-10-01 00:00:00-04:00
1;03_2_l-1_d-0.1;{'name': '03_2_l-1_d-0.1', 'layers': [{'type': 'lstm', 'cells': 1, 'dropout': 0.1, 'stateful': True, 'ret_seq': False}], 'batch_size': 8, 'timesteps': 1};0.1;1.000738417282474;0;0.9053813488106597;0;1.1602983847260475;0;0.9872741190398612;0;0;0;0;5/50;8;(6580, [1], 1);10.169113636016846;0;2004-10-01 00:00:00-04:00
2;03_3_l-1_d-0.2;{'name': '03_3_l-1_d-0.2', 'layers': [{'type': 'lstm', 'cells': 1, 'dropout': 0.2, 'stateful': True, 'ret_seq': False}], 'batch_size': 8, 'timesteps': 1};0.2;0.9971043074384649;0;0.904180665282493;0;1.1642384196563464;0;0.986829404242155;0;0;0;0;5/50;8;(6580, [1], 1);10.143092155456543;0;2004-10-01 00:00:00-04:00
3;03_4_l-1_l-5;{'name': '03_4_l-1_l-5', 'layers': [{'type': 'lstm', 'cells': 1, 'dropout': 0, 'stateful': True, 'ret_seq': True}, {'type': 'lstm', 'cells': 5, 'dropout': 0, 'stateful': True, 'ret_seq': False}], 'batch_size': 8, 'timesteps': 1};0;1.0013973112345467;0;0.9059181554429799;0;1.1365344324489919;0;0.9807934681089913;0;0;0;0;2/50;8;(6580, [1], 1);11.494300127029419;0;2004-10-01 00:00:00-04:00
4;03_5_l-1_l-5_d-0.1;{'name': '03_5_l-1_l-5_d-0.1', 'layers': [{'type': 'lstm', 'cells': 1, 'dropout': 0.1, 'stateful': True, 'ret_seq': True}, {'type': 'lstm', 'cells': 5, 'dropout': 0.1, 'stateful': True, 'ret_seq': False}], 'batch_size': 8, 'timesteps': 1};0.1;1.0036750276173865;0;0.9064831053413519;0;1.1433598206537525;0;0.9827867593707108;0;0;0;0;2/50;8;(6580, [1], 1);11.988698244094849;0;2004-10-01 00:00:00-04:00
5;03_6_l-1_l-5_d-0.2;{'name': '03_6_l-1_l-5_d-0.2', 'layers': [{'type': 'lstm', 'cells': 1, 'dropout': 0.2, 'stateful': True, 'ret_seq': True}, {'type': 'lstm', 'cells': 5, 'dropout': 0.2, 'stateful': True, 'ret_seq': False}], 'batch_size': 8, 'timesteps': 1};0.2;0.99596509332896;0;0.905509289999501;0;1.1434716049854348;0;0.9822992778769354;0;0;0;0;2/50;8;(6580, [1], 1);12.00476360321045;0;2004-10-01 00:00:00-04:00
6;03_7_l-1_l-10;{'name': '03_7_l-1_l-10', 'layers': [{'type': 'lstm', 'cells': 1, 'dropout': 0, 'stateful': True, 'ret_seq': True}, {'type': 'lstm', 'cells': 10, 'dropout': 0, 'stateful': True, 'ret_seq': False}], 'batch_size': 8, 'timesteps': 1};0;0.9939655840034542;0;0.9050655518078152;0;1.1362278585026904;0;0.9800079628461744;0;0;0;0;2/50;8;(6580, [1], 1);11.297126054763794;0;2004-10-01 00:00:00-04:00
7;03_8_l-1_l-10_d-0.1;{'name': '03_8_l-1_l-10_d-0.1', 'layers': [{'type': 'lstm', 'cells': 1, 'dropout': 0.1, 'stateful': True, 'ret_seq': True}, {'type': 'lstm', 'cells': 10, 'dropout': 0.1, 'stateful': True, 'ret_seq': False}], 'batch_size': 8, 'timesteps': 1};0.1;0.9803232446675243;0;0.9033533821171178;0;1.1311425212316397;0;0.9775638295019545;0;0;0;0;1/50;8;(6580, [1], 1);12.128844499588013;0;2004-10-01 00:00:00-04:00
8;03_9_l-1_l-10_d-0.2;{'name': '03_9_l-1_l-10_d-0.2', 'layers': [{'type': 'lstm', 'cells': 1, 'dropout': 0.2, 'stateful': True, 'ret_seq': True}, {'type': 'lstm', 'cells': 10, 'dropout': 0.2, 'stateful': True, 'ret_seq': False}], 'batch_size': 8, 'timesteps': 1};0.2;0.9971733382679409;0;0.9059861002540879;0;1.1311694327287558;0;0.9780251383781433;0;0;0;0;2/50;8;(6580, [1], 1);12.148889780044556;0;2004-10-01 00:00:00-04:00
9;03_10_l-1_l-5;{'name': '03_10_l-1_l-5', 'layers': [{'type': 'lstm', 'cells': 1, 'dropout': 0, 'stateful': True, 'ret_seq': True}, {'type': 'lstm', 'cells': 5, 'dropout': 0, 'stateful': True, 'ret_seq': False}], 'batch_size': 8, 'timesteps': 1};0;1.005952225607398;0;0.9069213612191945;0;1.1379415679995606;0;0.9812525023774403;0;0;0;0;2/50;8;(6580, [1], 1);11.341135263442993;0;2004-10-01 00:00:00-04:00
10;03_11_l-1_l-5_d-0.1;{'name': '03_11_l-1_l-5_d-0.1', 'layers': [{'type': 'lstm', 'cells': 1, 'dropout': 0.1, 'stateful': True, 'ret_seq': True}, {'type': 'lstm', 'cells': 5, 'dropout': 0.1, 'stateful': True, 'ret_seq': False}], 'batch_size': 8, 'timesteps': 1};0.1;0.9803088580266683;0;0.9034995703439944;0;1.1319608415772275;0;0.9784080204440326;0;0;0;0;1/50;8;(6580, [1], 1);12.260992050170898;0;2004-10-01 00:00:00-04:00
11;03_12_l-1_l-5_d-0.2;{'name': '03_12_l-1_l-5_d-0.2', 'layers': [{'type': 'lstm', 'cells': 1, 'dropout': 0.2, 'stateful': True, 'ret_seq': True}, {'type': 'lstm', 'cells': 5, 'dropout': 0.2, 'stateful': True, 'ret_seq': False}], 'batch_size': 8, 'timesteps': 1};0.2;0.9965505235825628;0;0.9047669271477088;0;1.140385874160906;0;0.9815746273209409;0;0;0;0;3/50;8;(6580, [1], 1);12.375062227249146;0;2004-10-01 00:00:00-04:00
12;03_13_l-1_l-5_l-5;{'name': '03_13_l-1_l-5_l-5', 'layers': [{'type': 'lstm', 'cells': 1, 'dropout': 0, 'stateful': True, 'ret_seq': True}, {'type': 'lstm', 'cells': 5, 'dropout': 0, 'stateful': True, 'ret_seq': True}, {'type': 'lstm', 'cells': 5, 'dropout': 0, 'stateful': True, 'ret_seq': False}], 'batch_size': 8, 'timesteps': 1};0;0.9869276278830589;0;0.9044739534699083;0;1.1324863385681698;0;0.9782068395033116;0;0;0;0;1/50;8;(6580, [1], 1);15.853214025497437;0;2004-10-01 00:00:00-04:00
13;03_14_l-1_l-5_l-5_d-0.1;{'name': '03_14_l-1_l-5_l-5_d-0.1', 'layers': [{'type': 'lstm', 'cells': 1, 'dropout': 0.1, 'stateful': True, 'ret_seq': True}, {'type': 'lstm', 'cells': 5, 'dropout': 0.1, 'stateful': True, 'ret_seq': True}, {'type': 'lstm', 'cells': 5, 'dropout': 0.1, 'stateful': True, 'ret_seq': False}], 'batch_size': 8, 'timesteps': 1};0.1;0.9763720376717102;0;0.9025762938076239;0;1.1302098817214734;0;0.977268339293759;0;0;0;0;1/50;8;(6580, [1], 1);16.99824023246765;0;2004-10-01 00:00:00-04:00
14;03_15_l-1_l-5_l-5_d-0.2;{'name': '03_15_l-1_l-5_l-5_d-0.2', 'layers': [{'type': 'lstm', 'cells': 1, 'dropout': 0.2, 'stateful': True, 'ret_seq': True}, {'type': 'lstm', 'cells': 5, 'dropout': 0.2, 'stateful': True, 'ret_seq': True}, {'type': 'lstm', 'cells': 5, 'dropout': 0.2, 'stateful': True, 'ret_seq': False}], 'batch_size': 8, 'timesteps': 1};0.2;0.9956257726464953;0;0.9049925300940916;0;1.131079466604605;0;0.9776975596096458;0;0;0;0;2/50;8;(6580, [1], 1);16.80703592300415;0;2004-10-01 00:00:00-04:00
15;03_16_l-1_l-5_l-10;{'name': '03_16_l-1_l-5_l-10', 'layers': [{'type': 'lstm', 'cells': 1, 'dropout': 0, 'stateful': True, 'ret_seq': True}, {'type': 'lstm', 'cells': 5, 'dropout': 0, 'stateful': True, 'ret_seq': True}, {'type': 'lstm', 'cells': 10, 'dropout': 0, 'stateful': True, 'ret_seq': False}], 'batch_size': 8, 'timesteps': 1};0;0.9978368481151239;0;0.9059501908561016;0;1.13167880093906;0;0.9778138148348506;0;0;0;0;2/50;8;(6580, [1], 1);18.879894018173218;0;2004-10-01 00:00:00-04:00
16;03_17_l-1_l-5_l-10_d-0.1;{'name': '03_17_l-1_l-5_l-10_d-0.1', 'layers': [{'type': 'lstm', 'cells': 1, 'dropout': 0.1, 'stateful': True, 'ret_seq': True}, {'type': 'lstm', 'cells': 5, 'dropout': 0.1, 'stateful': True, 'ret_seq': True}, {'type': 'lstm', 'cells': 10, 'dropout': 0.1, 'stateful': True, 'ret_seq': False}], 'batch_size': 8, 'timesteps': 1};0.1;0.9840677577130338;0;0.9042671891693649;0;1.1308075289537267;0;0.9777199976691385;0;0;0;0;1/50;8;(6580, [1], 1);16.958170413970947;0;2004-10-01 00:00:00-04:00
17;03_18_l-1_l-5_l-10_d-0.2;{'name': '03_18_l-1_l-5_l-10_d-0.2', 'layers': [{'type': 'lstm', 'cells': 1, 'dropout': 0.2, 'stateful': True, 'ret_seq': True}, {'type': 'lstm', 'cells': 5, 'dropout': 0.2, 'stateful': True, 'ret_seq': True}, {'type': 'lstm', 'cells': 10, 'dropout': 0.2, 'stateful': True, 'ret_seq': False}], 'batch_size': 8, 'timesteps': 1};0.2;0.9877236996604679;0;0.9039910225067458;0;1.1309150013981797;0;0.9773686902552117;0;0;0;0;2/50;8;(6580, [1], 1);17.015223741531372;0;2004-10-01 00:00:00-04:00
18;03_19_l-1_l-10;{'name': '03_19_l-1_l-10', 'layers': [{'type': 'lstm', 'cells': 1, 'dropout': 0, 'stateful': True, 'ret_seq': True}, {'type': 'lstm', 'cells': 10, 'dropout': 0, 'stateful': True, 'ret_seq': False}], 'batch_size': 8, 'timesteps': 1};0;0.980758740297748;0;0.9037297226737698;0;1.1309722794628725;0;0.9780661912589539;0;0;0;0;1/50;8;(6580, [1], 1);11.858598709106445;0;2004-10-01 00:00:00-04:00
19;03_20_l-1_l-10_d-0.1;{'name': '03_20_l-1_l-10_d-0.1', 'layers': [{'type': 'lstm', 'cells': 1, 'dropout': 0.1, 'stateful': True, 'ret_seq': True}, {'type': 'lstm', 'cells': 10, 'dropout': 0.1, 'stateful': True, 'ret_seq': False}], 'batch_size': 8, 'timesteps': 1};0.1;0.9793390739697816;0;0.903552932262783;0;1.1306400104630283;0;0.9773736407117146;0;0;0;0;1/50;8;(6580, [1], 1);12.293021202087402;0;2004-10-01 00:00:00-04:00
20;03_21_l-1_l-10_d-0.2;{'name': '03_21_l-1_l-10_d-0.2', 'layers': [{'type': 'lstm', 'cells': 1, 'dropout': 0.2, 'stateful': True, 'ret_seq': True}, {'type': 'lstm', 'cells': 10, 'dropout': 0.2, 'stateful': True, 'ret_seq': False}], 'batch_size': 8, 'timesteps': 1};0.2;0.9834847797195237;0;0.9039207825544757;0;1.1314725227108815;0;0.9782203317778867;0;0;0;0;1/50;8;(6580, [1], 1);12.218921422958374;0;2004-10-01 00:00:00-04:00
21;03_22_l-1_l-10_l-5;{'name': '03_22_l-1_l-10_l-5', 'layers': [{'type': 'lstm', 'cells': 1, 'dropout': 0, 'stateful': True, 'ret_seq': True}, {'type': 'lstm', 'cells': 10, 'dropout': 0, 'stateful': True, 'ret_seq': True}, {'type': 'lstm', 'cells': 5, 'dropout': 0, 'stateful': True, 'ret_seq': False}], 'batch_size': 8, 'timesteps': 1};0;0.997923674871494;0;0.9057723111204101;0;1.1311564326468038;0;0.9779938513912806;0;0;0;0;2/50;8;(6580, [1], 1);15.842204332351685;0;2004-10-01 00:00:00-04:00
22;03_23_l-1_l-10_l-5_d-0.1;{'name': '03_23_l-1_l-10_l-5_d-0.1', 'layers': [{'type': 'lstm', 'cells': 1, 'dropout': 0.1, 'stateful': True, 'ret_seq': True}, {'type': 'lstm', 'cells': 10, 'dropout': 0.1, 'stateful': True, 'ret_seq': True}, {'type': 'lstm', 'cells': 5, 'dropout': 0.1, 'stateful': True, 'ret_seq': False}], 'batch_size': 8, 'timesteps': 1};0.1;0.9789434350732612;0;0.9035254917970906;0;1.1312336039434119;0;0.9772510126959987;0;0;0;0;1/50;8;(6580, [1], 1);16.940186262130737;0;2004-10-01 00:00:00-04:00
23;03_24_l-1_l-10_l-5_d-0.2;{'name': '03_24_l-1_l-10_l-5_d-0.2', 'layers': [{'type': 'lstm', 'cells': 1, 'dropout': 0.2, 'stateful': True, 'ret_seq': True}, {'type': 'lstm', 'cells': 10, 'dropout': 0.2, 'stateful': True, 'ret_seq': True}, {'type': 'lstm', 'cells': 5, 'dropout': 0.2, 'stateful': True, 'ret_seq': False}], 'batch_size': 8, 'timesteps': 1};0.2;0.9809604772001415;0;0.9035962126175321;0;1.1317328876111565;0;0.9777970430327625;0;0;0;0;1/50;8;(6580, [1], 1);17.2864990234375;0;2004-10-01 00:00:00-04:00
24;03_25_l-1_l-10_l-10;{'name': '03_25_l-1_l-10_l-10', 'layers': [{'type': 'lstm', 'cells': 1, 'dropout': 0, 'stateful': True, 'ret_seq': True}, {'type': 'lstm', 'cells': 10, 'dropout': 0, 'stateful': True, 'ret_seq': True}, {'type': 'lstm', 'cells': 10, 'dropout': 0, 'stateful': True, 'ret_seq': False}], 'batch_size': 8, 'timesteps': 1};0;0.9894369449523083;0;0.9047273250698681;0;1.1309493116852714;0;0.9777470165636482;0;0;0;0;3/50;8;(6580, [1], 1);15.825188636779785;0;2004-10-01 00:00:00-04:00
25;03_26_l-1_l-10_l-10_d-0.1;{'name': '03_26_l-1_l-10_l-10_d-0.1', 'layers': [{'type': 'lstm', 'cells': 1, 'dropout': 0.1, 'stateful': True, 'ret_seq': True}, {'type': 'lstm', 'cells': 10, 'dropout': 0.1, 'stateful': True, 'ret_seq': True}, {'type': 'lstm', 'cells': 10, 'dropout': 0.1, 'stateful': True, 'ret_seq': False}], 'batch_size': 8, 'timesteps': 1};0.1;0.9958213782645648;0;0.9055847009717513;0;1.1309180281511166;0;0.9777931076724354;0;0;0;0;2/50;8;(6580, [1], 1);20.11603355407715;0;2004-10-01 00:00:00-04:00
26;03_27_l-1_l-10_l-10_d-0.2;{'name': '03_27_l-1_l-10_l-10_d-0.2', 'layers': [{'type': 'lstm', 'cells': 1, 'dropout': 0.2, 'stateful': True, 'ret_seq': True}, {'type': 'lstm', 'cells': 10, 'dropout': 0.2, 'stateful': True, 'ret_seq': True}, {'type': 'lstm', 'cells': 10, 'dropout': 0.2, 'stateful': True, 'ret_seq': False}], 'batch_size': 8, 'timesteps': 1};0.2;0.9955504065588977;0;0.9056463866157735;0;1.1309256702661514;0;0.9775576984010091;0;0;0;0;3/50;8;(6580, [1], 1);20.303203344345093;0;2004-10-01 00:00:00-04:00
27;03_28_l-5;{'name': '03_28_l-5', 'layers': [{'type': 'lstm', 'cells': 5, 'dropout': 0, 'stateful': True, 'ret_seq': False}], 'batch_size': 8, 'timesteps': 1};0;0.9927397482210379;0;0.9050527033381911;0;1.1381311987231417;0;0.980806316907813;0;0;0;0;2/50;8;(6580, [1], 1);7.053323745727539;0;2004-10-01 00:00:00-04:00
28;03_29_l-5_d-0.1;{'name': '03_29_l-5_d-0.1', 'layers': [{'type': 'lstm', 'cells': 5, 'dropout': 0.1, 'stateful': True, 'ret_seq': False}], 'batch_size': 8, 'timesteps': 1};0.1;0.9875947851404593;0;0.9044191349059978;0;1.1402620527802445;0;0.9811503549174565;0;0;0;0;1/50;8;(6580, [1], 1);7.104356288909912;0;2004-10-01 00:00:00-04:00
29;03_30_l-5_d-0.2;{'name': '03_30_l-5_d-0.2', 'layers': [{'type': 'lstm', 'cells': 5, 'dropout': 0.2, 'stateful': True, 'ret_seq': False}], 'batch_size': 8, 'timesteps': 1};0.2;1.0056849600560398;0;0.908577850796169;0;1.145085559658161;0;0.9824783960130157;0;0;0;0;3/50;8;(6580, [1], 1);7.4416725635528564;0;2004-10-01 00:00:00-04:00
30;03_31_l-5_l-5;{'name': '03_31_l-5_l-5', 'layers': [{'type': 'lstm', 'cells': 5, 'dropout': 0, 'stateful': True, 'ret_seq': True}, {'type': 'lstm', 'cells': 5, 'dropout': 0, 'stateful': True, 'ret_seq': False}], 'batch_size': 8, 'timesteps': 1};0;0.9825951982414106;0;0.9040766589819117;0;1.1423720045060646;0;0.9816465465033927;0;0;0;0;1/50;8;(6580, [1], 1);11.171002864837646;0;2004-10-01 00:00:00-04:00
31;03_32_l-5_l-5_d-0.1;{'name': '03_32_l-5_l-5_d-0.1', 'layers': [{'type': 'lstm', 'cells': 5, 'dropout': 0.1, 'stateful': True, 'ret_seq': True}, {'type': 'lstm', 'cells': 5, 'dropout': 0.1, 'stateful': True, 'ret_seq': False}], 'batch_size': 8, 'timesteps': 1};0.1;0.9772913789087878;0;0.9022547183246961;0;1.1312520599401579;0;0.9776807701805743;0;0;0;0;1/50;8;(6580, [1], 1);12.12186574935913;0;2004-10-01 00:00:00-04:00
32;03_33_l-5_l-5_d-0.2;{'name': '03_33_l-5_l-5_d-0.2', 'layers': [{'type': 'lstm', 'cells': 5, 'dropout': 0.2, 'stateful': True, 'ret_seq': True}, {'type': 'lstm', 'cells': 5, 'dropout': 0.2, 'stateful': True, 'ret_seq': False}], 'batch_size': 8, 'timesteps': 1};0.2;0.9966040943214234;0;0.9063617134619629;0;1.1344247084201835;0;0.9797852684448405;0;0;0;0;1/50;8;(6580, [1], 1);12.154895305633545;0;2004-10-01 00:00:00-04:00
33;03_34_l-5_l-10;{'name': '03_34_l-5_l-10', 'layers': [{'type': 'lstm', 'cells': 5, 'dropout': 0, 'stateful': True, 'ret_seq': True}, {'type': 'lstm', 'cells': 10, 'dropout': 0, 'stateful': True, 'ret_seq': False}], 'batch_size': 8, 'timesteps': 1};0;0.980720927718019;0;0.9036094424481812;0;1.1305745792825048;0;0.9778052168648418;0;0;0;0;1/50;8;(6580, [1], 1);11.490302324295044;0;2004-10-01 00:00:00-04:00
34;03_35_l-5_l-10_d-0.1;{'name': '03_35_l-5_l-10_d-0.1', 'layers': [{'type': 'lstm', 'cells': 5, 'dropout': 0.1, 'stateful': True, 'ret_seq': True}, {'type': 'lstm', 'cells': 10, 'dropout': 0.1, 'stateful': True, 'ret_seq': False}], 'batch_size': 8, 'timesteps': 1};0.1;0.9776988341996735;0;0.9032081461152045;0;1.1312439007366575;0;0.9774792928521226;0;0;0;0;1/50;8;(6580, [1], 1);11.93169617652893;0;2004-10-01 00:00:00-04:00
35;03_36_l-5_l-10_d-0.2;{'name': '03_36_l-5_l-10_d-0.2', 'layers': [{'type': 'lstm', 'cells': 5, 'dropout': 0.2, 'stateful': True, 'ret_seq': True}, {'type': 'lstm', 'cells': 10, 'dropout': 0.2, 'stateful': True, 'ret_seq': False}], 'batch_size': 8, 'timesteps': 1};0.2;0.9906219293371885;0;0.9035291725197824;0;1.1328855718417865;0;0.9789403746040856;0;0;0;0;2/50;8;(6580, [1], 1);13.630222082138062;0;2004-10-01 00:00:00-04:00
36;03_37_l-5_l-5;{'name': '03_37_l-5_l-5', 'layers': [{'type': 'lstm', 'cells': 5, 'dropout': 0, 'stateful': True, 'ret_seq': True}, {'type': 'lstm', 'cells': 5, 'dropout': 0, 'stateful': True, 'ret_seq': False}], 'batch_size': 8, 'timesteps': 1};0;0.989997729749665;0;0.904768290128389;0;1.13161375137364;0;0.9781861094439902;0;0;0;0;3/50;8;(6580, [1], 1);13.793322086334229;0;2004-10-01 00:00:00-04:00
37;03_38_l-5_l-5_d-0.1;{'name': '03_38_l-5_l-5_d-0.1', 'layers': [{'type': 'lstm', 'cells': 5, 'dropout': 0.1, 'stateful': True, 'ret_seq': True}, {'type': 'lstm', 'cells': 5, 'dropout': 0.1, 'stateful': True, 'ret_seq': False}], 'batch_size': 8, 'timesteps': 1};0.1;0.9772002316762248;0;0.9030734703714725;0;1.1315032717113087;0;0.9774550399402293;0;0;0;0;1/50;8;(6580, [1], 1);12.24794888496399;0;2004-10-01 00:00:00-04:00
38;03_39_l-5_l-5_d-0.2;{'name': '03_39_l-5_l-5_d-0.2', 'layers': [{'type': 'lstm', 'cells': 5, 'dropout': 0.2, 'stateful': True, 'ret_seq': True}, {'type': 'lstm', 'cells': 5, 'dropout': 0.2, 'stateful': True, 'ret_seq': False}], 'batch_size': 8, 'timesteps': 1};0.2;0.9917579495028159;0;0.905384889081981;0;1.1383115785514437;0;0.9806541017279392;0;0;0;0;1/50;8;(6580, [1], 1);12.354076623916626;0;2004-10-01 00:00:00-04:00
39;03_40_l-5_l-5_l-5;{'name': '03_40_l-5_l-5_l-5', 'layers': [{'type': 'lstm', 'cells': 5, 'dropout': 0, 'stateful': True, 'ret_seq': True}, {'type': 'lstm', 'cells': 5, 'dropout': 0, 'stateful': True, 'ret_seq': True}, {'type': 'lstm', 'cells': 5, 'dropout': 0, 'stateful': True, 'ret_seq': False}], 'batch_size': 8, 'timesteps': 1};0;0.9850535859271748;0;0.9042579183371958;0;1.1316920095464078;0;0.9777093751401436;0;0;0;0;1/50;8;(6580, [1], 1);16.652931451797485;0;2004-10-01 00:00:00-04:00
40;03_41_l-5_l-5_l-5_d-0.1;{'name': '03_41_l-5_l-5_l-5_d-0.1', 'layers': [{'type': 'lstm', 'cells': 5, 'dropout': 0.1, 'stateful': True, 'ret_seq': True}, {'type': 'lstm', 'cells': 5, 'dropout': 0.1, 'stateful': True, 'ret_seq': True}, {'type': 'lstm', 'cells': 5, 'dropout': 0.1, 'stateful': True, 'ret_seq': False}], 'batch_size': 8, 'timesteps': 1};0.1;0.9938889748917887;0;0.9052114438231593;0;1.1313830295168772;0;0.9781634896630194;0;0;0;0;2/50;8;(6580, [1], 1);20.330222129821777;0;2004-10-01 00:00:00-04:00
41;03_42_l-5_l-5_l-5_d-0.2;{'name': '03_42_l-5_l-5_l-5_d-0.2', 'layers': [{'type': 'lstm', 'cells': 5, 'dropout': 0.2, 'stateful': True, 'ret_seq': True}, {'type': 'lstm', 'cells': 5, 'dropout': 0.2, 'stateful': True, 'ret_seq': True}, {'type': 'lstm', 'cells': 5, 'dropout': 0.2, 'stateful': True, 'ret_seq': False}], 'batch_size': 8, 'timesteps': 1};0.2;0.9758786212052799;0;0.902165381877618;0;1.1311587949351567;0;0.9775113986759651;0;0;0;0;1/50;8;(6580, [1], 1);17.01625657081604;0;2004-10-01 00:00:00-04:00
42;03_43_l-5_l-5_l-10;{'name': '03_43_l-5_l-5_l-10', 'layers': [{'type': 'lstm', 'cells': 5, 'dropout': 0, 'stateful': True, 'ret_seq': True}, {'type': 'lstm', 'cells': 5, 'dropout': 0, 'stateful': True, 'ret_seq': True}, {'type': 'lstm', 'cells': 10, 'dropout': 0, 'stateful': True, 'ret_seq': False}], 'batch_size': 8, 'timesteps': 1};0;0.987753763477853;0;0.9044716598686838;0;1.1308094936354858;0;0.9775058216438061;0;0;0;0;2/50;8;(6580, [1], 1);18.20931315422058;0;2004-10-01 00:00:00-04:00
43;03_44_l-5_l-5_l-10_d-0.1;{'name': '03_44_l-5_l-5_l-10_d-0.1', 'layers': [{'type': 'lstm', 'cells': 5, 'dropout': 0.1, 'stateful': True, 'ret_seq': True}, {'type': 'lstm', 'cells': 5, 'dropout': 0.1, 'stateful': True, 'ret_seq': True}, {'type': 'lstm', 'cells': 10, 'dropout': 0.1, 'stateful': True, 'ret_seq': False}], 'batch_size': 8, 'timesteps': 1};0.1;0.992792054603165;0;0.9055355540434278;0;1.1315087579735896;0;0.9778300523757935;0;0;0;0;3/50;8;(6580, [1], 1);26.066320180892944;0;2004-10-01 00:00:00-04:00
44;03_45_l-5_l-5_l-10_d-0.2;{'name': '03_45_l-5_l-5_l-10_d-0.2', 'layers': [{'type': 'lstm', 'cells': 5, 'dropout': 0.2, 'stateful': True, 'ret_seq': True}, {'type': 'lstm', 'cells': 5, 'dropout': 0.2, 'stateful': True, 'ret_seq': True}, {'type': 'lstm', 'cells': 10, 'dropout': 0.2, 'stateful': True, 'ret_seq': False}], 'batch_size': 8, 'timesteps': 1};0.2;0.9967452854959798;0;0.9055582057560106;0;1.131748394995201;0;0.9786169223669099;0;0;0;0;4/50;8;(6580, [1], 1);26.328593015670776;0;2004-10-01 00:00:00-04:00
45;03_46_l-5_l-10;{'name': '03_46_l-5_l-10', 'layers': [{'type': 'lstm', 'cells': 5, 'dropout': 0, 'stateful': True, 'ret_seq': True}, {'type': 'lstm', 'cells': 10, 'dropout': 0, 'stateful': True, 'ret_seq': False}], 'batch_size': 8, 'timesteps': 1};0;0.9915924337338713;0;0.905029562785995;0;1.1300813893719417;0;0.9774471012557425;0;0;0;0;2/50;8;(6580, [1], 1);12.475179433822632;0;2004-10-01 00:00:00-04:00
46;03_47_l-5_l-10_d-0.1;{'name': '03_47_l-5_l-10_d-0.1', 'layers': [{'type': 'lstm', 'cells': 5, 'dropout': 0.1, 'stateful': True, 'ret_seq': True}, {'type': 'lstm', 'cells': 10, 'dropout': 0.1, 'stateful': True, 'ret_seq': False}], 'batch_size': 8, 'timesteps': 1};0.1;0.9806037125571159;0;0.903455255739957;0;1.1305963340692404;0;0.9779089825545869;0;0;0;0;1/50;8;(6580, [1], 1);11.950700998306274;0;2004-10-01 00:00:00-04:00
47;03_48_l-5_l-10_d-0.2;{'name': '03_48_l-5_l-10_d-0.2', 'layers': [{'type': 'lstm', 'cells': 5, 'dropout': 0.2, 'stateful': True, 'ret_seq': True}, {'type': 'lstm', 'cells': 10, 'dropout': 0.2, 'stateful': True, 'ret_seq': False}], 'batch_size': 8, 'timesteps': 1};0.2;0.990780922032236;0;0.9047787358423859;0;1.1318977511510617;0;0.9781655093155256;0;0;0;0;3/50;8;(6580, [1], 1);12.286985874176025;0;2004-10-01 00:00:00-04:00
48;03_49_l-5_l-10_l-5;{'name': '03_49_l-5_l-10_l-5', 'layers': [{'type': 'lstm', 'cells': 5, 'dropout': 0, 'stateful': True, 'ret_seq': True}, {'type': 'lstm', 'cells': 10, 'dropout': 0, 'stateful': True, 'ret_seq': True}, {'type': 'lstm', 'cells': 5, 'dropout': 0, 'stateful': True, 'ret_seq': False}], 'batch_size': 8, 'timesteps': 1};0;0.9810513923550449;0;0.9038865611998869;0;1.1323554399536877;0;0.9784615308773227;0;0;0;0;1/50;8;(6580, [1], 1);17.102318048477173;0;2004-10-01 00:00:00-04:00
49;03_50_l-5_l-10_l-5_d-0.1;{'name': '03_50_l-5_l-10_l-5_d-0.1', 'layers': [{'type': 'lstm', 'cells': 5, 'dropout': 0.1, 'stateful': True, 'ret_seq': True}, {'type': 'lstm', 'cells': 10, 'dropout': 0.1, 'stateful': True, 'ret_seq': True}, {'type': 'lstm', 'cells': 5, 'dropout': 0.1, 'stateful': True, 'ret_seq': False}], 'batch_size': 8, 'timesteps': 1};0.1;0.9981906062110941;0;0.9057715555545407;0;1.132174147338402;0;0.9787536227121586;0;0;0;0;2/50;8;(6580, [1], 1);21.209968328475952;0;2004-10-01 00:00:00-04:00
50;03_51_l-5_l-10_l-5_d-0.2;{'name': '03_51_l-5_l-10_l-5_d-0.2', 'layers': [{'type': 'lstm', 'cells': 5, 'dropout': 0.2, 'stateful': True, 'ret_seq': True}, {'type': 'lstm', 'cells': 10, 'dropout': 0.2, 'stateful': True, 'ret_seq': True}, {'type': 'lstm', 'cells': 5, 'dropout': 0.2, 'stateful': True, 'ret_seq': False}], 'batch_size': 8, 'timesteps': 1};0.2;0.9863309083466835;0;0.9048311071283549;0;1.130932045964206;0;0.9779338438699885;0;0;0;0;1/50;8;(6580, [1], 1);17.18740940093994;0;2004-10-01 00:00:00-04:00
51;03_52_l-5_l-10_l-10;{'name': '03_52_l-5_l-10_l-10', 'layers': [{'type': 'lstm', 'cells': 5, 'dropout': 0, 'stateful': True, 'ret_seq': True}, {'type': 'lstm', 'cells': 10, 'dropout': 0, 'stateful': True, 'ret_seq': True}, {'type': 'lstm', 'cells': 10, 'dropout': 0, 'stateful': True, 'ret_seq': False}], 'batch_size': 8, 'timesteps': 1};0;0.9770277811265282;0;0.9033186936632116;0;1.1315640899829749;0;0.9775551642949988;0;0;0;0;1/50;8;(6580, [1], 1);19.064136505126953;0;2004-10-01 00:00:00-04:00
52;03_53_l-5_l-10_l-10_d-0.1;{'name': '03_53_l-5_l-10_l-10_d-0.1', 'layers': [{'type': 'lstm', 'cells': 5, 'dropout': 0.1, 'stateful': True, 'ret_seq': True}, {'type': 'lstm', 'cells': 10, 'dropout': 0.1, 'stateful': True, 'ret_seq': True}, {'type': 'lstm', 'cells': 10, 'dropout': 0.1, 'stateful': True, 'ret_seq': False}], 'batch_size': 8, 'timesteps': 1};0.1;0.994388208948189;0;0.9056534069196793;0;1.1309994251989737;0;0.978002510419706;0;0;0;0;2/50;8;(6580, [1], 1);20.448328495025635;0;2004-10-01 00:00:00-04:00
53;03_54_l-5_l-10_l-10_d-0.2;{'name': '03_54_l-5_l-10_l-10_d-0.2', 'layers': [{'type': 'lstm', 'cells': 5, 'dropout': 0.2, 'stateful': True, 'ret_seq': True}, {'type': 'lstm', 'cells': 10, 'dropout': 0.2, 'stateful': True, 'ret_seq': True}, {'type': 'lstm', 'cells': 10, 'dropout': 0.2, 'stateful': True, 'ret_seq': False}], 'batch_size': 8, 'timesteps': 1};0.2;0.9922858627462097;0;0.9050611161080537;0;1.1307684591994054;0;0.977676791752257;0;0;0;0;2/50;8;(6580, [1], 1);20.319263696670532;0;2004-10-01 00:00:00-04:00
54;03_55_l-10;{'name': '03_55_l-10', 'layers': [{'type': 'lstm', 'cells': 10, 'dropout': 0, 'stateful': True, 'ret_seq': False}], 'batch_size': 8, 'timesteps': 1};0;0.9901611356568554;0;0.9045251167200982;0;1.1334603492443154;0;0.9789621168520393;0;0;0;0;2/50;8;(6580, [1], 1);8.204350471496582;0;2004-10-01 00:00:00-04:00
55;03_56_l-10_d-0.1;{'name': '03_56_l-10_d-0.1', 'layers': [{'type': 'lstm', 'cells': 10, 'dropout': 0.1, 'stateful': True, 'ret_seq': False}], 'batch_size': 8, 'timesteps': 1};0.1;0.9759986829975094;0;0.9024590391065574;0;1.1314840610252648;0;0.9768514702232872;0;0;0;0;1/50;8;(6580, [1], 1);7.188413858413696;0;2004-10-01 00:00:00-04:00
56;03_57_l-10_d-0.2;{'name': '03_57_l-10_d-0.2', 'layers': [{'type': 'lstm', 'cells': 10, 'dropout': 0.2, 'stateful': True, 'ret_seq': False}], 'batch_size': 8, 'timesteps': 1};0.2;0.9959932699074862;0;0.9063188394695793;0;1.1318886532652668;0;0.9782384136101094;0;0;0;0;1/50;8;(6580, [1], 1);7.484708547592163;0;2004-10-01 00:00:00-04:00
57;03_58_l-10_l-5;{'name': '03_58_l-10_l-5', 'layers': [{'type': 'lstm', 'cells': 10, 'dropout': 0, 'stateful': True, 'ret_seq': True}, {'type': 'lstm', 'cells': 5, 'dropout': 0, 'stateful': True, 'ret_seq': False}], 'batch_size': 8, 'timesteps': 1};0;0.9893172858877385;0;0.9056802532864922;0;1.1313138538744392;0;0.9782244841136584;0;0;0;0;1/50;8;(6580, [1], 1);11.443259716033936;0;2004-10-01 00:00:00-04:00
58;03_59_l-10_l-5_d-0.1;{'name': '03_59_l-10_l-5_d-0.1', 'layers': [{'type': 'lstm', 'cells': 10, 'dropout': 0.1, 'stateful': True, 'ret_seq': True}, {'type': 'lstm', 'cells': 5, 'dropout': 0.1, 'stateful': True, 'ret_seq': False}], 'batch_size': 8, 'timesteps': 1};0.1;0.9906189345208345;0;0.9052940797751435;0;1.132193720740516;0;0.9786090581882291;0;0;0;0;1/50;8;(6580, [1], 1);14.062580347061157;0;2004-10-01 00:00:00-04:00
59;03_60_l-10_l-5_d-0.2;{'name': '03_60_l-10_l-5_d-0.2', 'layers': [{'type': 'lstm', 'cells': 10, 'dropout': 0.2, 'stateful': True, 'ret_seq': True}, {'type': 'lstm', 'cells': 5, 'dropout': 0.2, 'stateful': True, 'ret_seq': False}], 'batch_size': 8, 'timesteps': 1};0.2;0.9899750505673125;0;0.9042941455511336;0;1.135949527890217;0;0.9802360465613807;0;0;0;0;2/50;8;(6580, [1], 1);15.18861198425293;0;2004-10-01 00:00:00-04:00
60;03_61_l-10_l-10;{'name': '03_61_l-10_l-10', 'layers': [{'type': 'lstm', 'cells': 10, 'dropout': 0, 'stateful': True, 'ret_seq': True}, {'type': 'lstm', 'cells': 10, 'dropout': 0, 'stateful': True, 'ret_seq': False}], 'batch_size': 8, 'timesteps': 1};0;0.9876386838254595;0;0.9044444088153202;0;1.1301932405771278;0;0.9773025965181793;0;0;0;0;2/50;8;(6580, [1], 1);11.48229169845581;0;2004-10-01 00:00:00-04:00
61;03_62_l-10_l-10_d-0.1;{'name': '03_62_l-10_l-10_d-0.1', 'layers': [{'type': 'lstm', 'cells': 10, 'dropout': 0.1, 'stateful': True, 'ret_seq': True}, {'type': 'lstm', 'cells': 10, 'dropout': 0.1, 'stateful': True, 'ret_seq': False}], 'batch_size': 8, 'timesteps': 1};0.1;0.9891043903708095;0;0.9049733556059718;0;1.1304240397563794;0;0.9774373188251402;0;0;0;0;2/50;8;(6580, [1], 1);13.527126789093018;0;2004-10-01 00:00:00-04:00
62;03_63_l-10_l-10_d-0.2;{'name': '03_63_l-10_l-10_d-0.2', 'layers': [{'type': 'lstm', 'cells': 10, 'dropout': 0.2, 'stateful': True, 'ret_seq': True}, {'type': 'lstm', 'cells': 10, 'dropout': 0.2, 'stateful': True, 'ret_seq': False}], 'batch_size': 8, 'timesteps': 1};0.2;0.9857562702703984;0;0.9045711455464726;0;1.1305091949861223;0;0.9774761696050807;0;0;0;0;1/50;8;(6580, [1], 1);17.24145793914795;0;2004-10-01 00:00:00-04:00
63;03_64_l-10_l-5;{'name': '03_64_l-10_l-5', 'layers': [{'type': 'lstm', 'cells': 10, 'dropout': 0, 'stateful': True, 'ret_seq': True}, {'type': 'lstm', 'cells': 5, 'dropout': 0, 'stateful': True, 'ret_seq': False}], 'batch_size': 8, 'timesteps': 1};0;0.9792380654069066;0;0.9034949707767521;0;1.1302510583546104;0;0.9770053745042987;0;0;0;0;1/50;8;(6580, [1], 1);11.736507415771484;0;2004-10-01 00:00:00-04:00
64;03_65_l-10_l-5_d-0.1;{'name': '03_65_l-10_l-5_d-0.1', 'layers': [{'type': 'lstm', 'cells': 10, 'dropout': 0.1, 'stateful': True, 'ret_seq': True}, {'type': 'lstm', 'cells': 5, 'dropout': 0.1, 'stateful': True, 'ret_seq': False}], 'batch_size': 8, 'timesteps': 1};0.1;0.9857080207180832;0;0.9046366873754919;0;1.1303979663587198;0;0.9773605009768067;0;0;0;0;1/50;8;(6580, [1], 1);12.047788858413696;0;2004-10-01 00:00:00-04:00
65;03_66_l-10_l-5_d-0.2;{'name': '03_66_l-10_l-5_d-0.2', 'layers': [{'type': 'lstm', 'cells': 10, 'dropout': 0.2, 'stateful': True, 'ret_seq': True}, {'type': 'lstm', 'cells': 5, 'dropout': 0.2, 'stateful': True, 'ret_seq': False}], 'batch_size': 8, 'timesteps': 1};0.2;0.991245173733104;0;0.905116502727781;0;1.1310992388100158;0;0.9779519006246473;0;0;0;0;1/50;8;(6580, [1], 1);18.42045831680298;0;2004-10-01 00:00:00-04:00
66;03_67_l-10_l-5_l-5;{'name': '03_67_l-10_l-5_l-5', 'layers': [{'type': 'lstm', 'cells': 10, 'dropout': 0, 'stateful': True, 'ret_seq': True}, {'type': 'lstm', 'cells': 5, 'dropout': 0, 'stateful': True, 'ret_seq': True}, {'type': 'lstm', 'cells': 5, 'dropout': 0, 'stateful': True, 'ret_seq': False}], 'batch_size': 8, 'timesteps': 1};0;0.9751563295722008;0;0.9027036584709915;0;1.130005889549488;0;0.977048272766718;0;0;0;0;1/50;8;(6580, [1], 1);15.886240720748901;0;2004-10-01 00:00:00-04:00
67;03_68_l-10_l-5_l-5_d-0.1;{'name': '03_68_l-10_l-5_l-5_d-0.1', 'layers': [{'type': 'lstm', 'cells': 10, 'dropout': 0.1, 'stateful': True, 'ret_seq': True}, {'type': 'lstm', 'cells': 5, 'dropout': 0.1, 'stateful': True, 'ret_seq': True}, {'type': 'lstm', 'cells': 5, 'dropout': 0.1, 'stateful': True, 'ret_seq': False}], 'batch_size': 8, 'timesteps': 1};0.1;0.9900882183418448;0;0.9050285679862854;0;1.1340877460088672;0;0.9792320268546663;0;0;0;0;2/50;8;(6580, [1], 1);20.37026357650757;0;2004-10-01 00:00:00-04:00
68;03_69_l-10_l-5_l-5_d-0.2;{'name': '03_69_l-10_l-5_l-5_d-0.2', 'layers': [{'type': 'lstm', 'cells': 10, 'dropout': 0.2, 'stateful': True, 'ret_seq': True}, {'type': 'lstm', 'cells': 5, 'dropout': 0.2, 'stateful': True, 'ret_seq': True}, {'type': 'lstm', 'cells': 5, 'dropout': 0.2, 'stateful': True, 'ret_seq': False}], 'batch_size': 8, 'timesteps': 1};0.2;0.9918758268595467;0;0.9060454746781874;0;1.1318980876992388;0;0.9783498788388764;0;0;0;0;1/50;8;(6580, [1], 1);19.8527991771698;0;2004-10-01 00:00:00-04:00
69;03_70_l-10_l-5_l-10;{'name': '03_70_l-10_l-5_l-10', 'layers': [{'type': 'lstm', 'cells': 10, 'dropout': 0, 'stateful': True, 'ret_seq': True}, {'type': 'lstm', 'cells': 5, 'dropout': 0, 'stateful': True, 'ret_seq': True}, {'type': 'lstm', 'cells': 10, 'dropout': 0, 'stateful': True, 'ret_seq': False}], 'batch_size': 8, 'timesteps': 1};0;0.9803804449035042;0;0.9037363821793473;0;1.1306826950209896;0;0.9772905749155254;0;0;0;0;1/50;8;(6580, [1], 1);17.844048738479614;0;2004-10-01 00:00:00-04:00
70;03_71_l-10_l-5_l-10_d-0.1;{'name': '03_71_l-10_l-5_l-10_d-0.1', 'layers': [{'type': 'lstm', 'cells': 10, 'dropout': 0.1, 'stateful': True, 'ret_seq': True}, {'type': 'lstm', 'cells': 5, 'dropout': 0.1, 'stateful': True, 'ret_seq': True}, {'type': 'lstm', 'cells': 10, 'dropout': 0.1, 'stateful': True, 'ret_seq': False}], 'batch_size': 8, 'timesteps': 1};0.1;0.9942914839935882;0;0.9058705064210486;0;1.131233452842003;0;0.9774352613745666;0;0;0;0;2/50;8;(6580, [1], 1);21.422206163406372;0;2004-10-01 00:00:00-04:00
71;03_72_l-10_l-5_l-10_d-0.2;{'name': '03_72_l-10_l-5_l-10_d-0.2', 'layers': [{'type': 'lstm', 'cells': 10, 'dropout': 0.2, 'stateful': True, 'ret_seq': True}, {'type': 'lstm', 'cells': 5, 'dropout': 0.2, 'stateful': True, 'ret_seq': True}, {'type': 'lstm', 'cells': 10, 'dropout': 0.2, 'stateful': True, 'ret_seq': False}], 'batch_size': 8, 'timesteps': 1};0.2;0.9772689332081554;0;0.9027307010892677;0;1.1310151813597213;0;0.9777157217627619;0;0;0;0;1/50;8;(6580, [1], 1);20.237189531326294;0;2004-10-01 00:00:00-04:00
72;03_73_l-10_l-10;{'name': '03_73_l-10_l-10', 'layers': [{'type': 'lstm', 'cells': 10, 'dropout': 0, 'stateful': True, 'ret_seq': True}, {'type': 'lstm', 'cells': 10, 'dropout': 0, 'stateful': True, 'ret_seq': False}], 'batch_size': 8, 'timesteps': 1};0;0.9787352508369912;0;0.9033743162104424;0;1.130153018345193;0;0.9771192339135379;0;0;0;0;1/50;8;(6580, [1], 1);16.33559775352478;0;2004-10-01 00:00:00-04:00
73;03_74_l-10_l-10_d-0.1;{'name': '03_74_l-10_l-10_d-0.1', 'layers': [{'type': 'lstm', 'cells': 10, 'dropout': 0.1, 'stateful': True, 'ret_seq': True}, {'type': 'lstm', 'cells': 10, 'dropout': 0.1, 'stateful': True, 'ret_seq': False}], 'batch_size': 8, 'timesteps': 1};0.1;0.9864695297050259;0;0.903833253450669;0;1.130225976974499;0;0.9773627597747779;0;0;0;0;2/50;8;(6580, [1], 1);12.043795585632324;0;2004-10-01 00:00:00-04:00
74;03_75_l-10_l-10_d-0.2;{'name': '03_75_l-10_l-10_d-0.2', 'layers': [{'type': 'lstm', 'cells': 10, 'dropout': 0.2, 'stateful': True, 'ret_seq': True}, {'type': 'lstm', 'cells': 10, 'dropout': 0.2, 'stateful': True, 'ret_seq': False}], 'batch_size': 8, 'timesteps': 1};0.2;0.9805774681473938;0;0.9036253174387575;0;1.131024703656028;0;0.978095919257257;0;0;0;0;1/50;8;(6580, [1], 1);12.466142177581787;0;2004-10-01 00:00:00-04:00
75;03_76_l-10_l-10_l-5;{'name': '03_76_l-10_l-10_l-5', 'layers': [{'type': 'lstm', 'cells': 10, 'dropout': 0, 'stateful': True, 'ret_seq': True}, {'type': 'lstm', 'cells': 10, 'dropout': 0, 'stateful': True, 'ret_seq': True}, {'type': 'lstm', 'cells': 5, 'dropout': 0, 'stateful': True, 'ret_seq': False}], 'batch_size': 8, 'timesteps': 1};0;0.9783346386665993;0;0.9031860771784304;0;1.1309412490667365;0;0.9769370503178457;0;0;0;0;1/50;8;(6580, [1], 1);21.828543186187744;0;2004-10-01 00:00:00-04:00
76;03_77_l-10_l-10_l-5_d-0.1;{'name': '03_77_l-10_l-10_l-5_d-0.1', 'layers': [{'type': 'lstm', 'cells': 10, 'dropout': 0.1, 'stateful': True, 'ret_seq': True}, {'type': 'lstm', 'cells': 10, 'dropout': 0.1, 'stateful': True, 'ret_seq': True}, {'type': 'lstm', 'cells': 5, 'dropout': 0.1, 'stateful': True, 'ret_seq': False}], 'batch_size': 8, 'timesteps': 1};0.1;0.9789036588465914;0;0.9040122233263265;0;1.131196020398198;0;0.9773576061536626;0;0;0;0;1/50;8;(6580, [1], 1);19.434378385543823;0;2004-10-01 00:00:00-04:00
77;03_78_l-10_l-10_l-5_d-0.2;{'name': '03_78_l-10_l-10_l-5_d-0.2', 'layers': [{'type': 'lstm', 'cells': 10, 'dropout': 0.2, 'stateful': True, 'ret_seq': True}, {'type': 'lstm', 'cells': 10, 'dropout': 0.2, 'stateful': True, 'ret_seq': True}, {'type': 'lstm', 'cells': 5, 'dropout': 0.2, 'stateful': True, 'ret_seq': False}], 'batch_size': 8, 'timesteps': 1};0.2;0.9788135663354288;0;0.9028894191998479;0;1.1305722797789224;0;0.9769684307095481;0;0;0;0;1/50;8;(6580, [1], 1);20.75560998916626;0;2004-10-01 00:00:00-04:00
78;03_79_l-10_l-10_l-10;{'name': '03_79_l-10_l-10_l-10', 'layers': [{'type': 'lstm', 'cells': 10, 'dropout': 0, 'stateful': True, 'ret_seq': True}, {'type': 'lstm', 'cells': 10, 'dropout': 0, 'stateful': True, 'ret_seq': True}, {'type': 'lstm', 'cells': 10, 'dropout': 0, 'stateful': True, 'ret_seq': False}], 'batch_size': 8, 'timesteps': 1};0;0.9864039917711429;0;0.9042088092732212;0;1.1311808618285306;0;0.9772578697742486;0;0;0;0;2/50;8;(6580, [1], 1);18.6516695022583;0;2004-10-01 00:00:00-04:00
79;03_80_l-10_l-10_l-10_d-0.1;{'name': '03_80_l-10_l-10_l-10_d-0.1', 'layers': [{'type': 'lstm', 'cells': 10, 'dropout': 0.1, 'stateful': True, 'ret_seq': True}, {'type': 'lstm', 'cells': 10, 'dropout': 0.1, 'stateful': True, 'ret_seq': True}, {'type': 'lstm', 'cells': 10, 'dropout': 0.1, 'stateful': True, 'ret_seq': False}], 'batch_size': 8, 'timesteps': 1};0.1;0.9935698935643156;0;0.9049782511582853;0;1.1302916749221523;0;0.9772021089021753;0;0;0;0;3/50;8;(6580, [1], 1);20.850693225860596;0;2004-10-01 00:00:00-04:00
80;03_81_l-10_l-10_l-10_d-0.2;{'name': '03_81_l-10_l-10_l-10_d-0.2', 'layers': [{'type': 'lstm', 'cells': 10, 'dropout': 0.2, 'stateful': True, 'ret_seq': True}, {'type': 'lstm', 'cells': 10, 'dropout': 0.2, 'stateful': True, 'ret_seq': True}, {'type': 'lstm', 'cells': 10, 'dropout': 0.2, 'stateful': True, 'ret_seq': False}], 'batch_size': 8, 'timesteps': 1};0.2;0.989258382843077;0;0.904088332750877;0;1.1309145213808955;0;0.9771853738078257;0;0;0;0;2/50;8;(6580, [1], 1);20.175087928771973;0;2004-10-01 00:00:00-04:00
81;03_82_l-15;{'name': '03_82_l-15', 'layers': [{'type': 'lstm', 'cells': 15, 'dropout': 0, 'stateful': True, 'ret_seq': False}], 'batch_size': 8, 'timesteps': 1};0;0.9820160232597571;0;0.9038186461005168;0;1.131300176425678;0;0.9779204655347801;0;0;0;0;1/50;8;(6580, [1], 1);7.372610569000244;0;2004-10-01 00:00:00-04:00
82;03_83_l-15_d-0.1;{'name': '03_83_l-15_d-0.1', 'layers': [{'type': 'lstm', 'cells': 15, 'dropout': 0.1, 'stateful': True, 'ret_seq': False}], 'batch_size': 8, 'timesteps': 1};0.1;0.9912457226416079;0;0.9055803615180917;0;1.1331336140269186;0;0.9787593349450971;0;0;0;0;2/50;8;(6580, [1], 1);7.673880577087402;0;2004-10-01 00:00:00-04:00
83;03_84_l-15_d-0.2;{'name': '03_84_l-15_d-0.2', 'layers': [{'type': 'lstm', 'cells': 15, 'dropout': 0.2, 'stateful': True, 'ret_seq': False}], 'batch_size': 8, 'timesteps': 1};0.2;0.9926157550246519;0;0.9049047049599216;0;1.1317671508323857;0;0.9783446836035427;0;0;0;0;2/50;8;(6580, [1], 1);7.618828773498535;0;2004-10-01 00:00:00-04:00
84;03_85_l-15_l-5;{'name': '03_85_l-15_l-5', 'layers': [{'type': 'lstm', 'cells': 15, 'dropout': 0, 'stateful': True, 'ret_seq': True}, {'type': 'lstm', 'cells': 5, 'dropout': 0, 'stateful': True, 'ret_seq': False}], 'batch_size': 8, 'timesteps': 1};0;0.9867094271904067;0;0.9043889809796151;0;1.130385557325875;0;0.9772342746941055;0;0;0;0;3/50;8;(6580, [1], 1);13.560126304626465;0;2004-10-01 00:00:00-04:00
85;03_86_l-15_l-5_d-0.1;{'name': '03_86_l-15_l-5_d-0.1', 'layers': [{'type': 'lstm', 'cells': 15, 'dropout': 0.1, 'stateful': True, 'ret_seq': True}, {'type': 'lstm', 'cells': 5, 'dropout': 0.1, 'stateful': True, 'ret_seq': False}], 'batch_size': 8, 'timesteps': 1};0.1;0.9815908838346555;0;0.9037041702621976;0;1.1313510485356901;0;0.9781568286622443;0;0;0;0;1/50;8;(6580, [1], 1);21.484212636947632;0;2004-10-01 00:00:00-04:00
86;03_87_l-15_l-5_d-0.2;{'name': '03_87_l-15_l-5_d-0.2', 'layers': [{'type': 'lstm', 'cells': 15, 'dropout': 0.2, 'stateful': True, 'ret_seq': True}, {'type': 'lstm', 'cells': 5, 'dropout': 0.2, 'stateful': True, 'ret_seq': False}], 'batch_size': 8, 'timesteps': 1};0.2;0.9900405040763794;0;0.9047592767375581;0;1.1316398575720263;0;0.9783627241849899;0;0;0;0;2/50;8;(6580, [1], 1);12.190929889678955;0;2004-10-01 00:00:00-04:00
87;03_88_l-15_l-10;{'name': '03_88_l-15_l-10', 'layers': [{'type': 'lstm', 'cells': 15, 'dropout': 0, 'stateful': True, 'ret_seq': True}, {'type': 'lstm', 'cells': 10, 'dropout': 0, 'stateful': True, 'ret_seq': False}], 'batch_size': 8, 'timesteps': 1};0;0.9864062323803959;0;0.9042366512550046;0;1.1301660134298046;0;0.9773186966776848;0;0;0;0;2/50;8;(6580, [1], 1);15.576939582824707;0;2004-10-01 00:00:00-04:00
88;03_89_l-15_l-10_d-0.1;{'name': '03_89_l-15_l-10_d-0.1', 'layers': [{'type': 'lstm', 'cells': 15, 'dropout': 0.1, 'stateful': True, 'ret_seq': True}, {'type': 'lstm', 'cells': 10, 'dropout': 0.1, 'stateful': True, 'ret_seq': False}], 'batch_size': 8, 'timesteps': 1};0.1;0.9886082437421594;0;0.9044211382742711;0;1.1303511849808983;0;0.9772391266575674;0;0;0;0;2/50;8;(6580, [1], 1);13.668249607086182;0;2004-10-01 00:00:00-04:00
89;03_90_l-15_l-10_d-0.2;{'name': '03_90_l-15_l-10_d-0.2', 'layers': [{'type': 'lstm', 'cells': 15, 'dropout': 0.2, 'stateful': True, 'ret_seq': True}, {'type': 'lstm', 'cells': 10, 'dropout': 0.2, 'stateful': True, 'ret_seq': False}], 'batch_size': 8, 'timesteps': 1};0.2;0.9810282757624667;0;0.9035234479828084;0;1.1306018020685127;0;0.9775481027800862;0;0;0;0;1/50;8;(6580, [1], 1);12.317010164260864;0;2004-10-01 00:00:00-04:00
90;03_91_l-15_l-5;{'name': '03_91_l-15_l-5', 'layers': [{'type': 'lstm', 'cells': 15, 'dropout': 0, 'stateful': True, 'ret_seq': True}, {'type': 'lstm', 'cells': 5, 'dropout': 0, 'stateful': True, 'ret_seq': False}], 'batch_size': 8, 'timesteps': 1};0;0.9868175189228768;0;0.904240632356119;0;1.1311282780839176;0;0.9776523431263319;0;0;0;0;2/50;8;(6580, [1], 1);17.228445768356323;0;2004-10-01 00:00:00-04:00
91;03_92_l-15_l-5_d-0.1;{'name': '03_92_l-15_l-5_d-0.1', 'layers': [{'type': 'lstm', 'cells': 15, 'dropout': 0.1, 'stateful': True, 'ret_seq': True}, {'type': 'lstm', 'cells': 5, 'dropout': 0.1, 'stateful': True, 'ret_seq': False}], 'batch_size': 8, 'timesteps': 1};0.1;0.9922907875799842;0;0.9048245907011003;0;1.1308524174297727;0;0.9776351715369922;0;0;0;0;2/50;8;(6580, [1], 1);12.571270942687988;0;2004-10-01 00:00:00-04:00
92;03_93_l-15_l-5_d-0.2;{'name': '03_93_l-15_l-5_d-0.2', 'layers': [{'type': 'lstm', 'cells': 15, 'dropout': 0.2, 'stateful': True, 'ret_seq': True}, {'type': 'lstm', 'cells': 5, 'dropout': 0.2, 'stateful': True, 'ret_seq': False}], 'batch_size': 8, 'timesteps': 1};0.2;0.9884151842524397;0;0.9036004894319639;0;1.1313468188774296;0;0.9780339247933248;0;0;0;0;2/50;8;(6580, [1], 1);13.925457954406738;0;2004-10-01 00:00:00-04:00
93;03_94_l-15_l-5_l-5;{'name': '03_94_l-15_l-5_l-5', 'layers': [{'type': 'lstm', 'cells': 15, 'dropout': 0, 'stateful': True, 'ret_seq': True}, {'type': 'lstm', 'cells': 5, 'dropout': 0, 'stateful': True, 'ret_seq': True}, {'type': 'lstm', 'cells': 5, 'dropout': 0, 'stateful': True, 'ret_seq': False}], 'batch_size': 8, 'timesteps': 1};0;0.9926035001443694;0;0.9051230419823464;0;1.1308070721059311;0;0.9779537781709577;0;0;0;0;2/50;8;(6580, [1], 1);21.796494007110596;0;2004-10-01 00:00:00-04:00
94;03_95_l-15_l-5_l-5_d-0.1;{'name': '03_95_l-15_l-5_l-5_d-0.1', 'layers': [{'type': 'lstm', 'cells': 15, 'dropout': 0.1, 'stateful': True, 'ret_seq': True}, {'type': 'lstm', 'cells': 5, 'dropout': 0.1, 'stateful': True, 'ret_seq': True}, {'type': 'lstm', 'cells': 5, 'dropout': 0.1, 'stateful': True, 'ret_seq': False}], 'batch_size': 8, 'timesteps': 1};0.1;0.9931200069678229;0;0.9052892581851286;0;1.1315428965338847;0;0.9783004398753004;0;0;0;0;2/50;8;(6580, [1], 1);19.804728984832764;0;2004-10-01 00:00:00-04:00
95;03_96_l-15_l-5_l-5_d-0.2;{'name': '03_96_l-15_l-5_l-5_d-0.2', 'layers': [{'type': 'lstm', 'cells': 15, 'dropout': 0.2, 'stateful': True, 'ret_seq': True}, {'type': 'lstm', 'cells': 5, 'dropout': 0.2, 'stateful': True, 'ret_seq': True}, {'type': 'lstm', 'cells': 5, 'dropout': 0.2, 'stateful': True, 'ret_seq': False}], 'batch_size': 8, 'timesteps': 1};0.2;0.9968540916802492;0;0.9061331279281425;0;1.1314951686597452;0;0.9781343266367912;0;0;0;0;2/50;8;(6580, [1], 1);21.181941747665405;0;2004-10-01 00:00:00-04:00
96;03_97_l-15_l-5_l-10;{'name': '03_97_l-15_l-5_l-10', 'layers': [{'type': 'lstm', 'cells': 15, 'dropout': 0, 'stateful': True, 'ret_seq': True}, {'type': 'lstm', 'cells': 5, 'dropout': 0, 'stateful': True, 'ret_seq': True}, {'type': 'lstm', 'cells': 10, 'dropout': 0, 'stateful': True, 'ret_seq': False}], 'batch_size': 8, 'timesteps': 1};0;0.9757844496597635;0;0.902921567073709;0;1.1310653673802935;0;0.977004403202999;0;0;0;0;1/50;8;(6580, [1], 1);18.99304437637329;0;2004-10-01 00:00:00-04:00
97;03_98_l-15_l-5_l-10_d-0.1;{'name': '03_98_l-15_l-5_l-10_d-0.1', 'layers': [{'type': 'lstm', 'cells': 15, 'dropout': 0.1, 'stateful': True, 'ret_seq': True}, {'type': 'lstm', 'cells': 5, 'dropout': 0.1, 'stateful': True, 'ret_seq': True}, {'type': 'lstm', 'cells': 10, 'dropout': 0.1, 'stateful': True, 'ret_seq': False}], 'batch_size': 8, 'timesteps': 1};0.1;0.9901837502071198;0;0.9043127956904902;0;1.1307637929552938;0;0.9770925263079201;0;0;0;0;2/50;8;(6580, [1], 1);20.625491619110107;0;2004-10-01 00:00:00-04:00
98;03_99_l-15_l-5_l-10_d-0.2;{'name': '03_99_l-15_l-5_l-10_d-0.2', 'layers': [{'type': 'lstm', 'cells': 15, 'dropout': 0.2, 'stateful': True, 'ret_seq': True}, {'type': 'lstm', 'cells': 5, 'dropout': 0.2, 'stateful': True, 'ret_seq': True}, {'type': 'lstm', 'cells': 10, 'dropout': 0.2, 'stateful': True, 'ret_seq': False}], 'batch_size': 8, 'timesteps': 1};0.2;0.9943309075066021;0;0.9055715292058093;0;1.1316564533768632;0;0.9784944290068092;0;0;0;0;2/50;8;(6580, [1], 1);21.139984846115112;0;2004-10-01 00:00:00-04:00
99;03_100_l-15_l-10;{'name': '03_100_l-15_l-10', 'layers': [{'type': 'lstm', 'cells': 15, 'dropout': 0, 'stateful': True, 'ret_seq': True}, {'type': 'lstm', 'cells': 10, 'dropout': 0, 'stateful': True, 'ret_seq': False}], 'batch_size': 8, 'timesteps': 1};0;0.9869116412470044;0;0.9041464176583798;0;1.1308163675229723;0;0.9777575069811286;0;0;0;0;2/50;8;(6580, [1], 1);14.094589948654175;0;2004-10-01 00:00:00-04:00
100;03_101_l-15_l-10_d-0.1;{'name': '03_101_l-15_l-10_d-0.1', 'layers': [{'type': 'lstm', 'cells': 15, 'dropout': 0.1, 'stateful': True, 'ret_seq': True}, {'type': 'lstm', 'cells': 10, 'dropout': 0.1, 'stateful': True, 'ret_seq': False}], 'batch_size': 8, 'timesteps': 1};0.1;0.9872969530047254;0;0.9052606403918252;0;1.1315393934889537;0;0.9783322211445832;0;0;0;0;1/50;8;(6580, [1], 1);12.475172758102417;0;2004-10-01 00:00:00-04:00
101;03_102_l-15_l-10_d-0.2;{'name': '03_102_l-15_l-10_d-0.2', 'layers': [{'type': 'lstm', 'cells': 15, 'dropout': 0.2, 'stateful': True, 'ret_seq': True}, {'type': 'lstm', 'cells': 10, 'dropout': 0.2, 'stateful': True, 'ret_seq': False}], 'batch_size': 8, 'timesteps': 1};0.2;0.9865720563067129;0;0.9042496606481112;0;1.1307201609015465;0;0.9773342304113435;0;0;0;0;2/50;8;(6580, [1], 1);12.802534103393555;0;2004-10-01 00:00:00-04:00
102;03_103_l-15_l-10_l-5;{'name': '03_103_l-15_l-10_l-5', 'layers': [{'type': 'lstm', 'cells': 15, 'dropout': 0, 'stateful': True, 'ret_seq': True}, {'type': 'lstm', 'cells': 10, 'dropout': 0, 'stateful': True, 'ret_seq': True}, {'type': 'lstm', 'cells': 5, 'dropout': 0, 'stateful': True, 'ret_seq': False}], 'batch_size': 8, 'timesteps': 1};0;0.9765381635277105;0;0.9028720225244308;0;1.131214762242829;0;0.9775165343066541;0;0;0;0;1/50;8;(6580, [1], 1);24.330808877944946;0;2004-10-01 00:00:00-04:00
103;03_104_l-15_l-10_l-5_d-0.1;{'name': '03_104_l-15_l-10_l-5_d-0.1', 'layers': [{'type': 'lstm', 'cells': 15, 'dropout': 0.1, 'stateful': True, 'ret_seq': True}, {'type': 'lstm', 'cells': 10, 'dropout': 0.1, 'stateful': True, 'ret_seq': True}, {'type': 'lstm', 'cells': 5, 'dropout': 0.1, 'stateful': True, 'ret_seq': False}], 'batch_size': 8, 'timesteps': 1};0.1;0.99581939638748;0;0.905950129349181;0;1.130910587928644;0;0.9774232839302319;0;0;0;0;2/50;8;(6580, [1], 1);29.035033464431763;0;2004-10-01 00:00:00-04:00
104;03_105_l-15_l-10_l-5_d-0.2;{'name': '03_105_l-15_l-10_l-5_d-0.2', 'layers': [{'type': 'lstm', 'cells': 15, 'dropout': 0.2, 'stateful': True, 'ret_seq': True}, {'type': 'lstm', 'cells': 10, 'dropout': 0.2, 'stateful': True, 'ret_seq': True}, {'type': 'lstm', 'cells': 5, 'dropout': 0.2, 'stateful': True, 'ret_seq': False}], 'batch_size': 8, 'timesteps': 1};0.2;0.9945917521861005;0;0.9055835507289255;0;1.1315903227503707;0;0.9783149339803835;0;0;0;0;2/50;8;(6580, [1], 1);26.50976848602295;0;2004-10-01 00:00:00-04:00
105;03_106_l-15_l-10_l-10;{'name': '03_106_l-15_l-10_l-10', 'layers': [{'type': 'lstm', 'cells': 15, 'dropout': 0, 'stateful': True, 'ret_seq': True}, {'type': 'lstm', 'cells': 10, 'dropout': 0, 'stateful': True, 'ret_seq': True}, {'type': 'lstm', 'cells': 10, 'dropout': 0, 'stateful': True, 'ret_seq': False}], 'batch_size': 8, 'timesteps': 1};0;0.9755316171512053;0;0.9027936851724665;0;1.1311459192415563;0;0.9779054435288034;0;0;0;0;1/50;8;(6580, [1], 1);25.717061758041382;0;2004-10-01 00:00:00-04:00
106;03_107_l-15_l-10_l-10_d-0.1;{'name': '03_107_l-15_l-10_l-10_d-0.1', 'layers': [{'type': 'lstm', 'cells': 15, 'dropout': 0.1, 'stateful': True, 'ret_seq': True}, {'type': 'lstm', 'cells': 10, 'dropout': 0.1, 'stateful': True, 'ret_seq': True}, {'type': 'lstm', 'cells': 10, 'dropout': 0.1, 'stateful': True, 'ret_seq': False}], 'batch_size': 8, 'timesteps': 1};0.1;0.984414500441957;0;0.9037442684264169;0;1.1304959801093835;0;0.9774822681778814;0;0;0;0;2/50;8;(6580, [1], 1);23.263856172561646;0;2004-10-01 00:00:00-04:00
107;03_108_l-15_l-10_l-10_d-0.2;{'name': '03_108_l-15_l-10_l-10_d-0.2', 'layers': [{'type': 'lstm', 'cells': 15, 'dropout': 0.2, 'stateful': True, 'ret_seq': True}, {'type': 'lstm', 'cells': 10, 'dropout': 0.2, 'stateful': True, 'ret_seq': True}, {'type': 'lstm', 'cells': 10, 'dropout': 0.2, 'stateful': True, 'ret_seq': False}], 'batch_size': 8, 'timesteps': 1};0.2;0.9769104521914094;0;0.9016735234430858;0;1.1310293587242686;0;0.977231420031408;0;0;0;0;1/50;8;(6580, [1], 1);29.530475616455078;0;2004-10-01 00:00:00-04:00
